标题,路径,contentType,Markdown含学术解释,HTML含学术解释
"常见疾病基础概念","08-疾病与医学基础/常见疾病基础概念.md",医学基础, 是, 是
"核心医学概念词典","08-疾病与医学基础/核心医学概念词典.md",医学基础, 是, 是
"COPD与哮喘基础概念","08-疾病与医学基础/补充资料/COPD与哮喘基础概念.md",医学基础, 是, 是
"PubMed慢病与社区药房文献索引","08-疾病与医学基础/补充资料/PubMed慢病与社区药房文献索引.md",医学基础, 是, 是
"乙肝与抗病毒药物基础","08-疾病与医学基础/补充资料/乙肝与抗病毒药物基础.md",医学基础, 是, 是
"儿童用药基础与药店咨询边界","08-疾病与医学基础/补充资料/儿童用药基础与药店咨询边界.md",医学基础, 是, 是
"冠心病与心脑血管用药基础","08-疾病与医学基础/补充资料/冠心病与心脑血管用药基础.md",医学基础, 是, 是
"医学基础资料使用说明","08-疾病与医学基础/补充资料/医学基础资料引用边界说明.md",医学基础, 是, 是
"发热咳嗽咽痛常见症状与药店咨询边界","08-疾病与医学基础/补充资料/发热咳嗽咽痛常见症状与药店咨询边界.md",医学基础, 是, 是
"处方药OTC适应症禁忌症不良反应","08-疾病与医学基础/补充资料/处方药OTC适应症禁忌症不良反应.md",医学基础, 是, 是
"失眠焦虑与药店咨询边界","08-疾病与医学基础/补充资料/失眠焦虑与药店咨询边界.md",医学基础, 是, 是
"孕妇与哺乳期用药咨询边界","08-疾病与医学基础/补充资料/孕妇与哺乳期用药咨询边界.md",医学基础, 是, 是
"家庭常备药与急用药场景","08-疾病与医学基础/补充资料/家庭常备药与急用药场景.md",医学基础, 是, 是
"感冒与流感基础概念","08-疾病与医学基础/补充资料/感冒与流感基础概念.md",医学基础, 是, 是
"慢性肾病基础概念","08-疾病与医学基础/补充资料/慢性肾病基础概念.md",医学基础, 是, 是
"疾病药品场景映射表","08-疾病与医学基础/补充资料/疾病药品场景映射表.md",医学基础, 是, 是
"糖尿病基础概念与慢病管理场景","08-疾病与医学基础/补充资料/糖尿病基础概念与慢病管理场景.md",医学基础, 是, 是
"结膜炎眼干眼部不适基础概念","08-疾病与医学基础/补充资料/结膜炎眼干眼部不适基础概念.md",医学基础, 是, 是
"老年用药基础与慢病复购","08-疾病与医学基础/补充资料/老年用药基础与慢病复购.md",医学基础, 是, 是
"肥胖与GLP1基础概念","08-疾病与医学基础/补充资料/肥胖与GLP1基础概念.md",医学基础, 是, 是
"肿瘤特药与DTP药房基础","08-疾病与医学基础/补充资料/肿瘤特药与DTP药房基础.md",医学基础, 是, 是
"腹泻胃痛消化不良基础概念","08-疾病与医学基础/补充资料/腹泻胃痛消化不良基础概念.md",医学基础, 是, 是
"药物相互作用与联合用药基础","08-疾病与医学基础/补充资料/药物相互作用与联合用药基础.md",医学基础, 是, 是
"过敏鼻炎皮炎湿疹基础概念","08-疾病与医学基础/补充资料/过敏鼻炎皮炎湿疹基础概念.md",医学基础, 是, 是
"高脂血症基础概念与用药依从性","08-疾病与医学基础/补充资料/高脂血症基础概念与用药依从性.md",医学基础, 是, 是
"高血压基础概念与慢病复购场景","08-疾病与医学基础/补充资料/高血压基础概念与慢病复购场景.md",医学基础, 是, 是
"重点病种基础概念","08-疾病与医学基础/重点病种基础概念.md",医学基础, 是, 是